{
  "Atelectasis": {
    "f1": 0.33524684270952926,
    "precision": 0.21726190476190477,
    "recall": 0.7336683417085427,
    "specificity": 0.7079400333148251,
    "balanced_accuracy": 0.720804187511684
  },
  "Cardiomegaly": {
    "f1": 0.38095238095238093,
    "precision": 0.37735849056603776,
    "recall": 0.38461538461538464,
    "specificity": 0.9830595482546202,
    "balanced_accuracy": 0.6838374664350024
  },
  "Consolidation": {
    "f1": 0.22356495468277945,
    "precision": 0.14453125,
    "recall": 0.49333333333333335,
    "specificity": 0.8862337662337663,
    "balanced_accuracy": 0.6897835497835498
  },
  "Edema": {
    "f1": 0.3626943005181347,
    "precision": 0.24475524475524477,
    "recall": 0.7,
    "specificity": 0.9446153846153846,
    "balanced_accuracy": 0.8223076923076923
  },
  "Effusion": {
    "f1": 0.5297113752122241,
    "precision": 0.4094488188976378,
    "recall": 0.75,
    "specificity": 0.8744419642857143,
    "balanced_accuracy": 0.8122209821428572
  },
  "Emphysema": {
    "f1": 0.26229508196721313,
    "precision": 0.4,
    "recall": 0.1951219512195122,
    "specificity": 0.9938744257274119,
    "balanced_accuracy": 0.594498188473462
  },
  "Fibrosis": {
    "f1": 0.16666666666666666,
    "precision": 0.18181818181818182,
    "recall": 0.15384615384615385,
    "specificity": 0.9862315145334013,
    "balanced_accuracy": 0.5700388341897775
  },
  "Hernia": {
    "f1": 0.008528784648187633,
    "precision": 0.004301075268817204,
    "recall": 0.5,
    "specificity": 0.7680360721442886,
    "balanced_accuracy": 0.6340180360721444
  },
  "Infiltration": {
    "f1": 0.3994943109987358,
    "precision": 0.3412526997840173,
    "recall": 0.4817073170731707,
    "specificity": 0.8175837320574163,
    "balanced_accuracy": 0.6496455245652935
  },
  "Mass": {
    "f1": 0.2275711159737418,
    "precision": 0.1489971346704871,
    "recall": 0.48148148148148145,
    "specificity": 0.8430232558139535,
    "balanced_accuracy": 0.6622523686477175
  },
  "Nodule": {
    "f1": 0.15648854961832062,
    "precision": 0.09692671394799054,
    "recall": 0.40594059405940597,
    "specificity": 0.79884149552396,
    "balanced_accuracy": 0.6023910447916829
  },
  "Pleural Thickening": {
    "f1": 0.17333333333333334,
    "precision": 0.1262135922330097,
    "recall": 0.2765957446808511,
    "specificity": 0.9539170506912442,
    "balanced_accuracy": 0.6152563976860477
  },
  "Pneumonia": {
    "f1": 0.21212121212121213,
    "precision": 0.23333333333333334,
    "recall": 0.19444444444444445,
    "specificity": 0.9882892057026477,
    "balanced_accuracy": 0.5913668250735461
  },
  "Pneumothorax": {
    "f1": 0.3790849673202614,
    "precision": 0.5272727272727272,
    "recall": 0.29591836734693877,
    "specificity": 0.9863301787592008,
    "balanced_accuracy": 0.6411242730530697
  },
  "No Finding": {
    "f1": 0.7361467889908256,
    "precision": 0.6241443683883012,
    "recall": 0.8971377459749553,
    "specificity": 0.31519274376417233,
    "balanced_accuracy": 0.6061652448695638
  }
}