{
  "Atelectasis": 0.24000000000000002,
  "Cardiomegaly": 0.3,
  "Consolidation": 0.13,
  "Edema": 0.16,
  "Effusion": 0.38,
  "Emphysema": 0.17,
  "Fibrosis": 0.12,
  "Hernia": 0.01,
  "Infiltration": 0.49,
  "Mass": 0.13,
  "Nodule": 0.14,
  "Pleural Thickening": 0.12,
  "Pneumonia": 0.09999999999999999,
  "Pneumothorax": 0.32,
  "No Finding": 0.02
}